pop_size,num_generations,mutation_rate,crossover_rate,min_task_proportion_1,min_task_proportion_2,task,best_genome,total_distance
300,30,0.05,0.1,0.2,0.2,0,"[97, 3, 50, 59, 41, 17, 62, 61, 4, 35, 40, 12, 89, 38, 27, 22, 55, 18, 11, 91, 95, 42, 86, 84, 43, 21, 2, 7, 82, 76, 71, 52, 70, 98, 90, 78, 32, 29, 19, 85, 81, 30, 25, 44, 49, 5, 9, 94, 6, 68, 26, 45, 37, 28, 96, 67, 16, 14, 92, 39, 77, 24, 65, 33, 13, 8, 88, 10, 31, 20, 48, 72, 0, 87, 56, 53, 83, 23, 54, 57, 36, 93, 63, 46, 74, 47, 64, 51, 15, 73, 69, 99, 66, 1, 34, 79, 60, 80, 75, 58]",2394.39304457782
300,30,0.05,0.1,0.2,0.2,1,"[57, 63, 13, 35, 37, 51, 65, 89, 7, 77, 73, 60, 19, 41, 30, 56, 78, 36, 69, 42, 66, 95, 25, 1, 44, 38, 54, 4, 46, 90, 23, 82, 91, 17, 67, 98, 26, 61, 47, 55, 59, 11, 74, 48, 80, 87, 29, 9, 99, 3, 96, 28, 83, 62, 2, 39, 20, 81, 49, 14, 5, 45, 34, 58, 6, 27, 8, 53, 0, 71, 31, 24, 70, 93, 50, 22, 88, 94, 76, 52, 40, 21, 32, 64, 43, 75, 15, 85, 72, 86, 97, 33, 12, 92, 79, 10, 84, 16, 18, 68]",2519.85348626318
300,30,0.05,0.1,0.3,0.3,0,"[86, 69, 43, 79, 34, 22, 78, 50, 27, 23, 74, 11, 91, 42, 71, 30, 16, 99, 13, 18, 10, 96, 32, 47, 84, 1, 45, 7, 46, 20, 52, 64, 39, 88, 44, 56, 67, 97, 48, 72, 29, 62, 28, 54, 17, 68, 15, 81, 59, 58, 5, 93, 9, 73, 95, 0, 90, 83, 77, 89, 21, 8, 65, 35, 57, 6, 85, 53, 49, 41, 94, 80, 55, 61, 70, 12, 75, 36, 2, 40, 25, 14, 98, 92, 33, 31, 60, 51, 24, 19, 37, 76, 63, 26, 87, 82, 4, 66, 38, 3]",2451.8422520163294
300,30,0.05,0.1,0.3,0.3,1,"[88, 95, 30, 60, 89, 68, 58, 15, 80, 83, 48, 34, 36, 92, 85, 72, 11, 18, 14, 43, 22, 51, 2, 12, 8, 96, 64, 55, 81, 41, 44, 27, 65, 59, 7, 94, 62, 77, 79, 98, 20, 53, 17, 35, 26, 91, 3, 74, 84, 40, 21, 78, 63, 71, 46, 5, 6, 69, 73, 90, 93, 82, 76, 38, 66, 28, 33, 57, 97, 1, 37, 24, 50, 67, 31, 13, 4, 87, 86, 0, 49, 54, 70, 47, 99, 10, 9, 23, 39, 56, 25, 45, 16, 42, 29, 32, 75, 61, 19, 52]",2435.8554340725523
300,30,0.05,0.3,0.2,0.2,0,"[72, 64, 86, 63, 74, 94, 98, 5, 37, 95, 75, 26, 40, 7, 20, 90, 42, 53, 2, 65, 32, 61, 8, 66, 87, 3, 21, 30, 17, 62, 67, 15, 99, 27, 92, 39, 52, 54, 29, 31, 73, 80, 41, 19, 84, 14, 18, 13, 33, 43, 83, 28, 1, 97, 69, 48, 91, 22, 10, 58, 68, 51, 38, 56, 4, 50, 88, 34, 76, 60, 77, 47, 0, 49, 79, 25, 9, 59, 16, 35, 36, 78, 23, 96, 11, 85, 71, 82, 93, 89, 45, 46, 57, 12, 55, 44, 70, 81, 24, 6]",2310.127812006972
300,30,0.05,0.3,0.2,0.2,1,"[64, 2, 29, 43, 86, 48, 31, 79, 63, 93, 7, 20, 94, 61, 60, 71, 97, 96, 18, 10, 49, 99, 85, 46, 55, 8, 33, 35, 40, 26, 12, 65, 0, 75, 51, 25, 21, 11, 90, 91, 27, 58, 53, 3, 98, 32, 92, 47, 88, 83, 24, 1, 73, 69, 89, 77, 87, 19, 67, 16, 17, 41, 70, 22, 30, 56, 81, 80, 50, 4, 15, 59, 74, 82, 76, 95, 78, 54, 45, 34, 57, 66, 14, 42, 5, 28, 37, 52, 39, 36, 23, 62, 84, 44, 68, 9, 72, 13, 38, 6]",2423.3860059054664
300,30,0.05,0.3,0.3,0.3,0,"[11, 22, 41, 72, 48, 45, 30, 27, 94, 47, 78, 19, 93, 38, 1, 40, 91, 56, 96, 23, 28, 53, 64, 31, 14, 71, 60, 92, 70, 68, 46, 12, 0, 35, 82, 62, 55, 51, 20, 99, 74, 15, 26, 76, 57, 98, 34, 5, 85, 89, 33, 73, 8, 75, 69, 95, 4, 61, 25, 44, 24, 10, 58, 21, 80, 65, 42, 79, 84, 86, 16, 9, 18, 50, 32, 13, 97, 54, 88, 87, 52, 36, 77, 37, 49, 43, 7, 2, 39, 90, 29, 6, 63, 3, 59, 83, 17, 66, 81, 67]",2368.4816882078117
300,30,0.05,0.3,0.3,0.3,1,"[14, 31, 0, 25, 48, 94, 47, 6, 5, 49, 80, 18, 71, 87, 17, 46, 56, 55, 64, 51, 54, 28, 34, 69, 84, 37, 92, 32, 4, 52, 8, 95, 24, 10, 91, 29, 26, 45, 35, 85, 63, 65, 60, 73, 99, 50, 88, 97, 40, 38, 98, 76, 53, 86, 2, 41, 83, 42, 66, 44, 82, 89, 16, 15, 1, 36, 93, 21, 43, 62, 58, 72, 81, 13, 57, 27, 30, 7, 78, 67, 61, 77, 33, 19, 23, 59, 79, 22, 20, 11, 3, 9, 74, 68, 39, 75, 12, 90, 96, 70]",2477.5622972547794
300,30,0.1,0.1,0.2,0.2,0,"[65, 48, 11, 55, 93, 41, 61, 81, 36, 47, 0, 29, 44, 31, 92, 33, 95, 83, 51, 23, 72, 57, 69, 76, 9, 46, 71, 75, 80, 1, 3, 52, 91, 13, 78, 85, 26, 68, 35, 89, 5, 38, 4, 88, 62, 34, 25, 79, 37, 82, 27, 2, 86, 58, 43, 73, 99, 15, 24, 56, 64, 18, 59, 50, 7, 40, 90, 67, 30, 8, 84, 70, 45, 10, 42, 6, 97, 49, 16, 14, 17, 77, 66, 60, 22, 98, 87, 19, 21, 74, 32, 20, 96, 28, 54, 94, 12, 63, 39, 53]",2455.92823908867
300,30,0.1,0.1,0.2,0.2,1,"[82, 7, 90, 25, 95, 39, 12, 6, 30, 33, 46, 50, 59, 31, 62, 61, 77, 29, 18, 74, 1, 75, 57, 27, 44, 73, 10, 72, 26, 86, 20, 35, 32, 78, 14, 91, 45, 17, 2, 34, 9, 11, 63, 53, 89, 81, 87, 43, 67, 52, 8, 60, 48, 37, 54, 56, 79, 88, 36, 13, 85, 76, 16, 92, 93, 94, 41, 38, 4, 3, 47, 71, 84, 96, 15, 64, 40, 99, 65, 49, 69, 66, 5, 98, 24, 97, 19, 23, 55, 42, 51, 21, 70, 68, 80, 28, 58, 0, 22, 83]",2405.5936950843356
300,30,0.1,0.1,0.3,0.3,0,"[76, 2, 71, 50, 13, 16, 58, 56, 11, 87, 99, 62, 9, 94, 46, 17, 89, 53, 66, 27, 79, 10, 37, 83, 29, 54, 91, 14, 6, 96, 38, 20, 98, 63, 95, 1, 80, 12, 24, 68, 51, 31, 88, 41, 67, 5, 64, 28, 77, 35, 55, 18, 52, 40, 39, 97, 81, 4, 86, 59, 0, 34, 75, 47, 84, 69, 21, 65, 57, 23, 44, 49, 60, 72, 74, 73, 43, 93, 82, 61, 45, 42, 92, 85, 70, 25, 19, 90, 7, 3, 36, 22, 15, 32, 30, 33, 48, 78, 26, 8]",2447.2679184321037
300,30,0.1,0.1,0.3,0.3,1,"[84, 71, 5, 52, 34, 41, 20, 39, 83, 26, 82, 3, 66, 68, 79, 21, 15, 51, 92, 43, 81, 44, 12, 18, 93, 23, 4, 16, 8, 57, 49, 22, 95, 53, 75, 73, 59, 72, 35, 63, 62, 89, 60, 85, 46, 38, 88, 94, 87, 28, 7, 13, 17, 36, 11, 97, 19, 91, 24, 99, 1, 67, 37, 54, 27, 76, 74, 61, 50, 58, 96, 80, 30, 70, 31, 77, 78, 0, 98, 33, 25, 9, 40, 55, 64, 45, 65, 56, 32, 6, 2, 86, 14, 10, 29, 90, 69, 48, 42, 47]",2478.1200499878337
300,30,0.1,0.3,0.2,0.2,0,"[69, 51, 9, 57, 82, 6, 88, 74, 90, 71, 31, 45, 87, 85, 29, 60, 19, 12, 46, 2, 47, 36, 39, 32, 3, 35, 98, 99, 22, 94, 70, 40, 68, 75, 56, 7, 62, 63, 61, 24, 81, 8, 34, 54, 4, 64, 38, 76, 65, 52, 80, 59, 53, 58, 28, 55, 1, 18, 67, 13, 92, 30, 17, 48, 26, 72, 10, 5, 27, 15, 83, 37, 42, 79, 11, 43, 25, 66, 49, 95, 97, 84, 20, 50, 78, 91, 0, 86, 16, 93, 44, 77, 96, 14, 33, 89, 23, 73, 41, 21]",2427.92912891417
300,30,0.1,0.3,0.2,0.2,1,"[41, 22, 93, 42, 28, 5, 2, 44, 69, 23, 87, 40, 34, 55, 58, 92, 25, 52, 46, 43, 21, 19, 18, 36, 17, 67, 81, 90, 39, 79, 89, 45, 54, 29, 86, 61, 59, 48, 95, 85, 9, 75, 27, 47, 77, 50, 56, 0, 37, 13, 80, 31, 7, 88, 14, 63, 66, 91, 78, 82, 84, 33, 57, 3, 68, 10, 38, 26, 76, 73, 65, 49, 71, 16, 98, 97, 32, 1, 99, 62, 70, 83, 53, 6, 11, 24, 94, 4, 30, 12, 15, 8, 35, 96, 72, 64, 60, 74, 51, 20]",2480.591959885833
300,30,0.1,0.3,0.3,0.3,0,"[9, 69, 84, 35, 83, 16, 34, 60, 13, 66, 64, 42, 22, 85, 48, 25, 90, 88, 94, 33, 36, 81, 71, 18, 3, 92, 74, 73, 96, 19, 7, 62, 15, 39, 41, 32, 53, 63, 55, 65, 49, 29, 44, 93, 76, 5, 51, 68, 31, 50, 45, 80, 87, 23, 43, 99, 89, 78, 75, 30, 86, 79, 56, 61, 38, 14, 28, 95, 97, 17, 24, 98, 46, 0, 27, 20, 77, 12, 11, 47, 72, 26, 67, 91, 59, 10, 54, 37, 40, 70, 4, 6, 58, 52, 1, 82, 21, 8, 2, 57]",2348.79820831987
300,30,0.1,0.3,0.3,0.3,1,"[91, 94, 79, 90, 75, 15, 20, 4, 17, 96, 35, 11, 72, 2, 25, 13, 14, 41, 22, 71, 24, 3, 29, 83, 54, 31, 21, 89, 26, 46, 37, 5, 87, 19, 84, 9, 51, 43, 82, 49, 23, 60, 78, 34, 97, 62, 85, 16, 28, 64, 68, 42, 58, 95, 33, 93, 67, 88, 39, 30, 76, 63, 59, 36, 55, 80, 1, 12, 32, 66, 40, 98, 70, 92, 61, 8, 18, 99, 53, 7, 44, 81, 57, 56, 45, 38, 47, 50, 10, 73, 52, 65, 77, 69, 6, 0, 74, 27, 86, 48]",2432.3446177442156
300,50,0.05,0.1,0.2,0.2,0,"[11, 66, 1, 49, 9, 39, 51, 14, 22, 33, 36, 38, 69, 79, 8, 12, 74, 7, 97, 72, 87, 34, 81, 65, 23, 68, 92, 99, 25, 2, 61, 80, 50, 55, 10, 47, 54, 35, 62, 60, 98, 82, 96, 37, 28, 45, 77, 27, 19, 59, 91, 17, 46, 26, 4, 75, 88, 85, 13, 56, 3, 40, 73, 95, 42, 15, 6, 24, 41, 48, 78, 31, 30, 20, 0, 44, 94, 32, 64, 18, 21, 57, 29, 86, 52, 89, 67, 70, 71, 53, 43, 83, 63, 93, 16, 58, 5, 84, 76, 90]",2534.682664566669
300,50,0.05,0.1,0.2,0.2,1,"[63, 23, 8, 98, 74, 93, 11, 38, 78, 64, 65, 28, 40, 36, 61, 76, 39, 97, 59, 49, 89, 56, 19, 87, 75, 15, 12, 2, 1, 7, 4, 51, 47, 54, 21, 58, 53, 92, 73, 5, 17, 96, 71, 44, 25, 80, 77, 37, 81, 42, 85, 55, 83, 62, 3, 84, 57, 30, 14, 6, 27, 9, 33, 26, 18, 94, 88, 34, 60, 35, 10, 13, 0, 95, 66, 91, 31, 16, 90, 70, 67, 86, 68, 29, 99, 82, 41, 32, 46, 52, 45, 79, 69, 50, 48, 43, 72, 22, 20, 24]",2422.7982051787894
300,50,0.05,0.1,0.3,0.3,0,"[67, 0, 2, 61, 63, 43, 82, 69, 27, 92, 93, 25, 94, 40, 26, 18, 62, 21, 50, 70, 35, 56, 78, 8, 80, 75, 84, 98, 41, 36, 66, 20, 88, 3, 38, 37, 24, 23, 86, 14, 68, 59, 95, 10, 87, 83, 6, 11, 12, 71, 1, 46, 48, 39, 65, 91, 7, 90, 96, 47, 16, 9, 53, 22, 57, 19, 97, 79, 60, 52, 32, 42, 77, 49, 89, 99, 33, 17, 76, 44, 72, 64, 5, 4, 13, 54, 85, 29, 73, 55, 81, 30, 15, 74, 31, 34, 51, 45, 28, 58]",2555.2143243086684
300,50,0.05,0.1,0.3,0.3,1,"[57, 32, 79, 21, 7, 68, 44, 33, 91, 56, 31, 5, 13, 90, 87, 17, 42, 63, 47, 73, 2, 16, 45, 78, 49, 0, 10, 88, 18, 96, 46, 59, 86, 27, 84, 82, 89, 99, 43, 97, 94, 50, 15, 34, 62, 20, 77, 25, 35, 93, 52, 65, 48, 8, 81, 92, 9, 14, 69, 3, 60, 67, 54, 37, 66, 22, 40, 55, 95, 38, 4, 36, 83, 11, 64, 75, 12, 28, 26, 74, 6, 58, 51, 98, 29, 41, 76, 19, 80, 70, 30, 53, 61, 72, 85, 1, 23, 39, 24, 71]",2480.0956948418716
300,50,0.05,0.3,0.2,0.2,0,"[37, 63, 25, 72, 80, 52, 32, 73, 53, 20, 6, 3, 42, 26, 64, 24, 13, 5, 95, 31, 82, 83, 17, 35, 89, 75, 28, 9, 66, 30, 71, 48, 14, 70, 15, 7, 44, 50, 43, 47, 74, 79, 88, 19, 96, 86, 21, 97, 68, 27, 60, 36, 10, 87, 78, 61, 62, 22, 90, 29, 91, 65, 84, 59, 85, 77, 98, 67, 81, 46, 23, 54, 58, 57, 51, 16, 45, 92, 12, 41, 8, 56, 4, 2, 76, 49, 34, 11, 93, 0, 18, 33, 39, 94, 1, 38, 69, 55, 99, 40]",2468.7241148543544
300,50,0.05,0.3,0.2,0.2,1,"[67, 11, 47, 21, 75, 91, 30, 84, 7, 93, 82, 17, 15, 69, 81, 87, 8, 35, 54, 10, 77, 50, 20, 32, 37, 66, 80, 72, 19, 56, 61, 14, 96, 16, 86, 43, 71, 63, 38, 83, 51, 78, 99, 76, 88, 65, 44, 41, 12, 95, 3, 9, 58, 2, 64, 79, 62, 48, 18, 68, 85, 92, 59, 24, 89, 34, 40, 98, 70, 97, 27, 57, 45, 5, 94, 49, 1, 60, 90, 0, 33, 39, 23, 29, 53, 22, 73, 25, 4, 31, 42, 55, 36, 74, 6, 28, 13, 52, 26, 46]",2479.8066905235505
300,50,0.05,0.3,0.3,0.3,0,"[52, 47, 28, 60, 16, 80, 78, 82, 75, 63, 65, 4, 86, 13, 73, 39, 17, 7, 68, 11, 70, 36, 44, 45, 79, 35, 57, 85, 19, 74, 49, 50, 8, 77, 64, 9, 88, 0, 22, 92, 33, 14, 10, 46, 20, 81, 41, 1, 23, 62, 66, 5, 96, 25, 21, 6, 30, 87, 12, 56, 94, 71, 91, 51, 34, 38, 83, 59, 72, 99, 98, 53, 15, 76, 67, 93, 26, 31, 90, 61, 54, 37, 32, 27, 48, 18, 84, 3, 89, 2, 55, 95, 42, 40, 24, 43, 58, 97, 69, 29]",2389.1392976348584
300,50,0.05,0.3,0.3,0.3,1,"[40, 29, 51, 2, 38, 46, 35, 93, 0, 36, 1, 77, 65, 64, 3, 89, 84, 68, 28, 41, 81, 55, 19, 90, 96, 56, 13, 94, 69, 34, 80, 60, 25, 87, 70, 54, 73, 6, 24, 97, 20, 27, 53, 18, 95, 15, 9, 71, 5, 26, 10, 23, 63, 67, 92, 57, 44, 49, 98, 86, 76, 52, 21, 22, 72, 83, 88, 59, 61, 14, 48, 47, 79, 50, 8, 99, 4, 66, 42, 75, 91, 33, 45, 12, 31, 74, 11, 82, 32, 17, 7, 30, 58, 39, 62, 85, 16, 43, 78, 37]",2387.4997676884627
300,50,0.1,0.1,0.2,0.2,0,"[4, 52, 59, 69, 38, 92, 12, 61, 34, 13, 6, 14, 84, 47, 27, 31, 72, 35, 9, 65, 80, 71, 45, 33, 43, 86, 98, 29, 30, 62, 95, 67, 76, 36, 78, 50, 26, 20, 54, 10, 94, 97, 28, 55, 40, 77, 32, 44, 89, 15, 11, 60, 51, 19, 48, 42, 21, 81, 49, 18, 53, 41, 1, 93, 73, 24, 74, 90, 88, 25, 22, 16, 39, 83, 68, 23, 8, 79, 96, 64, 2, 85, 17, 66, 7, 75, 82, 58, 91, 57, 70, 99, 5, 46, 0, 87, 56, 37, 3, 63]",2369.6998830784623
300,50,0.1,0.1,0.2,0.2,1,"[58, 52, 28, 98, 1, 32, 64, 69, 31, 33, 80, 24, 17, 50, 49, 9, 51, 96, 99, 54, 27, 22, 25, 44, 83, 41, 6, 19, 59, 18, 56, 20, 70, 72, 85, 68, 39, 61, 57, 10, 93, 21, 36, 45, 75, 78, 14, 34, 97, 15, 5, 43, 81, 65, 88, 87, 95, 4, 67, 84, 86, 82, 63, 91, 29, 90, 0, 92, 94, 79, 40, 42, 46, 60, 3, 73, 48, 62, 30, 89, 8, 53, 38, 23, 13, 71, 74, 47, 35, 11, 76, 26, 7, 16, 55, 37, 2, 77, 12, 66]",2418.7405487605383
300,50,0.1,0.1,0.3,0.3,0,"[15, 21, 40, 66, 71, 57, 14, 2, 43, 74, 13, 20, 79, 11, 68, 64, 6, 83, 99, 82, 38, 89, 18, 55, 85, 9, 60, 30, 95, 46, 54, 28, 91, 92, 94, 67, 72, 27, 96, 78, 24, 0, 25, 73, 63, 47, 86, 53, 7, 56, 49, 50, 69, 16, 76, 51, 29, 3, 19, 37, 39, 1, 58, 98, 26, 97, 61, 33, 59, 81, 88, 45, 5, 32, 48, 77, 22, 90, 44, 10, 31, 84, 52, 62, 8, 75, 12, 65, 42, 4, 35, 87, 93, 17, 34, 41, 36, 70, 80, 23]",2442.437127332998
300,50,0.1,0.1,0.3,0.3,1,"[58, 68, 7, 25, 1, 89, 82, 27, 77, 5, 90, 71, 85, 45, 21, 79, 55, 18, 15, 65, 86, 17, 76, 42, 12, 51, 78, 75, 40, 6, 62, 32, 84, 35, 63, 95, 52, 70, 96, 64, 46, 16, 93, 92, 24, 44, 67, 28, 87, 99, 73, 13, 22, 56, 29, 59, 81, 8, 91, 36, 94, 88, 26, 38, 69, 49, 37, 19, 50, 3, 30, 2, 61, 47, 80, 60, 53, 48, 34, 39, 57, 43, 98, 97, 41, 74, 11, 10, 31, 9, 83, 54, 66, 72, 33, 23, 14, 4, 0, 20]",2325.2598165856016
300,50,0.1,0.3,0.2,0.2,0,"[31, 97, 70, 25, 2, 76, 49, 96, 12, 11, 69, 46, 42, 98, 55, 34, 82, 44, 45, 18, 57, 8, 64, 38, 39, 22, 71, 32, 85, 56, 13, 59, 63, 53, 23, 7, 94, 40, 17, 51, 50, 9, 33, 74, 26, 65, 21, 93, 90, 3, 54, 91, 66, 61, 75, 41, 86, 78, 4, 35, 20, 92, 29, 16, 68, 60, 47, 37, 52, 10, 0, 62, 43, 84, 81, 73, 89, 95, 79, 19, 67, 87, 77, 83, 27, 1, 28, 58, 36, 80, 14, 5, 48, 88, 24, 72, 6, 30, 99, 15]",2463.0523050063634
300,50,0.1,0.3,0.2,0.2,1,"[21, 65, 76, 99, 98, 23, 8, 43, 24, 15, 81, 74, 56, 22, 26, 52, 38, 84, 82, 86, 83, 32, 42, 20, 30, 53, 45, 10, 44, 5, 35, 2, 33, 66, 19, 34, 91, 46, 70, 92, 93, 28, 77, 39, 63, 87, 64, 88, 7, 96, 47, 68, 1, 62, 75, 78, 73, 95, 0, 41, 6, 37, 9, 27, 94, 25, 50, 3, 58, 12, 54, 67, 48, 31, 69, 51, 59, 61, 17, 36, 72, 90, 85, 71, 97, 14, 16, 60, 29, 57, 49, 18, 80, 40, 55, 11, 4, 89, 13, 79]",2539.567165751722
300,50,0.1,0.3,0.3,0.3,0,"[55, 43, 93, 22, 45, 20, 59, 7, 91, 60, 11, 94, 0, 1, 41, 57, 28, 17, 80, 87, 84, 3, 62, 36, 75, 8, 6, 83, 90, 82, 13, 49, 16, 92, 29, 35, 10, 88, 73, 24, 2, 32, 95, 76, 34, 72, 65, 26, 61, 98, 15, 5, 40, 85, 63, 12, 69, 9, 31, 23, 50, 70, 48, 37, 38, 86, 58, 4, 81, 74, 53, 19, 42, 52, 56, 33, 89, 39, 21, 27, 78, 47, 18, 79, 14, 71, 67, 44, 66, 54, 51, 30, 46, 64, 68, 77, 97, 99, 25, 96]",2412.7572051290053
300,50,0.1,0.3,0.3,0.3,1,"[34, 19, 35, 24, 52, 38, 18, 91, 25, 42, 45, 3, 37, 93, 90, 85, 61, 36, 82, 13, 79, 98, 57, 51, 58, 17, 31, 59, 23, 76, 95, 32, 10, 20, 15, 14, 75, 92, 62, 8, 4, 55, 9, 0, 77, 26, 29, 44, 83, 67, 81, 5, 60, 78, 30, 87, 71, 33, 47, 28, 70, 11, 22, 74, 6, 84, 69, 40, 12, 21, 41, 88, 64, 63, 48, 94, 99, 2, 65, 72, 16, 56, 89, 39, 53, 27, 97, 68, 66, 80, 73, 46, 7, 50, 54, 49, 96, 86, 43, 1]",2250.9557520311523
300,100,0.05,0.1,0.2,0.2,0,"[42, 31, 16, 84, 71, 33, 73, 86, 29, 59, 74, 65, 87, 12, 64, 50, 83, 3, 91, 30, 85, 39, 25, 2, 62, 23, 13, 4, 89, 58, 68, 98, 28, 70, 61, 69, 55, 34, 66, 14, 36, 75, 6, 0, 92, 88, 44, 20, 79, 41, 97, 52, 54, 17, 93, 18, 90, 45, 94, 80, 26, 46, 60, 22, 99, 56, 67, 76, 63, 72, 48, 49, 5, 37, 82, 32, 27, 78, 43, 24, 38, 9, 57, 40, 11, 15, 96, 21, 7, 77, 10, 1, 95, 35, 51, 81, 53, 47, 19, 8]",2502.4062624860167
300,100,0.05,0.1,0.2,0.2,1,"[14, 17, 42, 88, 3, 93, 92, 56, 77, 30, 74, 58, 26, 97, 53, 5, 38, 0, 70, 65, 52, 15, 66, 87, 54, 68, 35, 16, 23, 13, 78, 55, 48, 62, 49, 76, 79, 46, 11, 91, 94, 28, 34, 85, 40, 75, 71, 20, 4, 84, 86, 25, 31, 80, 22, 73, 64, 63, 89, 10, 98, 24, 37, 6, 81, 39, 43, 27, 96, 60, 82, 59, 90, 1, 61, 47, 99, 19, 32, 41, 45, 72, 18, 57, 29, 2, 33, 36, 50, 21, 8, 7, 67, 44, 12, 95, 9, 83, 69, 51]",2463.5134523774805
300,100,0.05,0.1,0.3,0.3,0,"[46, 53, 98, 74, 70, 8, 13, 40, 58, 47, 84, 95, 92, 57, 48, 73, 20, 83, 29, 23, 17, 32, 19, 1, 7, 26, 81, 85, 49, 31, 24, 52, 96, 44, 61, 68, 27, 94, 89, 65, 3, 42, 36, 79, 35, 59, 87, 9, 16, 15, 5, 78, 18, 22, 30, 86, 71, 0, 4, 28, 91, 64, 21, 50, 66, 60, 80, 63, 93, 45, 37, 14, 25, 88, 6, 54, 11, 2, 38, 34, 99, 72, 33, 77, 76, 75, 51, 69, 62, 55, 39, 41, 56, 82, 12, 90, 43, 67, 10, 97]",2411.058427442783
300,100,0.05,0.3,0.2,0.2,0,"[93, 25, 39, 57, 52, 3, 18, 42, 85, 47, 14, 30, 92, 56, 33, 99, 58, 74, 11, 96, 16, 61, 97, 17, 80, 13, 73, 9, 23, 20, 45, 35, 98, 90, 60, 26, 62, 82, 34, 48, 54, 66, 32, 8, 77, 88, 1, 83, 89, 79, 31, 71, 64, 15, 59, 5, 27, 49, 95, 53, 28, 94, 46, 12, 67, 24, 44, 84, 70, 10, 37, 65, 86, 69, 72, 6, 40, 68, 81, 0, 38, 29, 19, 55, 78, 21, 51, 75, 87, 63, 2, 4, 22, 76, 36, 43, 7, 91, 50, 41]",2497.7469387576866
300,100,0.05,0.3,0.2,0.2,1,"[47, 8, 78, 54, 25, 82, 0, 99, 95, 58, 42, 80, 87, 45, 13, 88, 71, 85, 49, 75, 52, 73, 70, 96, 30, 34, 92, 68, 91, 97, 72, 48, 7, 57, 5, 67, 63, 76, 65, 50, 36, 14, 86, 18, 64, 53, 17, 89, 93, 11, 23, 66, 46, 22, 1, 26, 21, 55, 3, 56, 16, 20, 69, 35, 39, 40, 84, 83, 60, 24, 10, 19, 77, 6, 12, 37, 59, 29, 79, 44, 27, 28, 33, 98, 90, 61, 62, 31, 41, 81, 74, 9, 43, 4, 38, 15, 32, 51, 2, 94]",2431.4135909472434
300,100,0.05,0.3,0.3,0.3,0,"[66, 17, 61, 14, 94, 28, 21, 37, 40, 29, 54, 7, 46, 59, 27, 93, 67, 56, 90, 79, 95, 89, 57, 43, 26, 70, 71, 88, 41, 60, 0, 30, 68, 19, 74, 91, 38, 50, 11, 85, 77, 32, 51, 84, 80, 39, 33, 1, 35, 18, 23, 31, 42, 64, 8, 47, 49, 63, 20, 2, 3, 65, 55, 45, 10, 44, 82, 78, 92, 9, 6, 16, 53, 15, 5, 12, 24, 25, 86, 34, 87, 13, 58, 36, 22, 69, 98, 75, 4, 83, 99, 48, 81, 52, 96, 73, 76, 72, 97, 62]",2371.3626537575105
300,100,0.05,0.3,0.3,0.3,1,"[65, 99, 36, 61, 21, 77, 52, 85, 22, 89, 49, 73, 68, 41, 2, 47, 1, 34, 81, 63, 26, 11, 84, 76, 8, 71, 94, 43, 80, 38, 20, 96, 15, 28, 69, 6, 88, 25, 97, 53, 62, 9, 93, 44, 18, 98, 55, 58, 79, 4, 72, 42, 60, 24, 67, 59, 37, 75, 31, 3, 10, 46, 27, 40, 78, 30, 92, 14, 86, 91, 32, 82, 64, 0, 19, 95, 57, 83, 7, 74, 39, 12, 33, 29, 54, 90, 87, 16, 13, 66, 17, 5, 51, 35, 56, 23, 45, 50, 48, 70]",2689.653720794765
300,100,0.1,0.1,0.2,0.2,0,"[53, 21, 13, 9, 26, 28, 81, 80, 90, 4, 1, 55, 42, 44, 67, 2, 27, 52, 23, 25, 68, 48, 76, 10, 94, 40, 61, 17, 60, 66, 98, 3, 89, 91, 0, 8, 64, 87, 62, 41, 7, 30, 24, 29, 77, 93, 47, 73, 20, 34, 39, 74, 14, 56, 99, 88, 54, 31, 79, 83, 11, 78, 86, 69, 32, 19, 58, 70, 96, 16, 82, 37, 36, 97, 15, 50, 46, 59, 85, 84, 33, 92, 51, 45, 5, 57, 72, 95, 65, 75, 63, 18, 6, 38, 49, 35, 12, 43, 22, 71]",2362.5081230175056
300,100,0.1,0.1,0.2,0.2,1,"[76, 8, 38, 84, 18, 77, 19, 14, 37, 0, 63, 47, 46, 34, 50, 55, 12, 66, 42, 99, 2, 59, 29, 71, 80, 91, 53, 68, 97, 16, 33, 20, 44, 52, 83, 51, 11, 49, 87, 78, 56, 64, 3, 26, 92, 95, 10, 86, 23, 72, 93, 4, 89, 65, 58, 7, 21, 94, 13, 1, 40, 15, 17, 79, 96, 90, 25, 45, 6, 35, 67, 62, 27, 28, 9, 74, 61, 48, 36, 39, 82, 43, 57, 32, 31, 41, 81, 98, 70, 24, 5, 54, 73, 30, 60, 69, 88, 85, 22, 75]",2464.3510980895185
300,100,0.1,0.1,0.3,0.3,0,"[0, 31, 91, 47, 53, 29, 13, 71, 76, 1, 61, 12, 3, 25, 48, 82, 62, 81, 49, 60, 65, 94, 83, 43, 50, 33, 40, 37, 90, 52, 96, 54, 85, 66, 24, 95, 56, 88, 8, 34, 77, 41, 20, 98, 58, 4, 89, 73, 67, 78, 32, 2, 27, 74, 46, 59, 23, 57, 36, 42, 19, 7, 28, 64, 15, 17, 39, 99, 38, 72, 11, 30, 87, 14, 22, 92, 55, 45, 93, 68, 5, 16, 10, 9, 6, 26, 69, 79, 63, 51, 35, 44, 97, 21, 18, 80, 75, 70, 86, 84]",2429.1514599980064
300,100,0.1,0.1,0.3,0.3,1,"[45, 34, 4, 54, 26, 33, 25, 42, 58, 19, 44, 79, 10, 41, 82, 95, 49, 81, 35, 74, 1, 31, 29, 75, 96, 57, 77, 51, 16, 94, 55, 90, 23, 0, 28, 11, 36, 8, 3, 63, 21, 13, 43, 18, 39, 59, 14, 30, 78, 93, 52, 67, 71, 50, 47, 70, 97, 24, 56, 5, 7, 22, 37, 88, 38, 40, 83, 60, 84, 73, 32, 80, 48, 99, 66, 85, 91, 46, 69, 68, 53, 6, 65, 92, 27, 86, 9, 76, 72, 15, 20, 2, 62, 64, 61, 12, 17, 89, 87, 98]",2605.843676497005
300,100,0.1,0.3,0.2,0.2,0,"[85, 61, 41, 36, 91, 4, 83, 94, 31, 56, 82, 77, 63, 88, 96, 7, 99, 0, 62, 71, 87, 34, 81, 45, 53, 8, 70, 37, 50, 22, 95, 38, 43, 39, 98, 93, 47, 76, 46, 66, 32, 78, 25, 55, 73, 15, 35, 59, 27, 21, 44, 58, 28, 13, 1, 67, 3, 64, 29, 6, 42, 12, 90, 86, 20, 10, 17, 84, 48, 16, 19, 14, 51, 54, 74, 33, 69, 72, 18, 9, 79, 68, 57, 23, 30, 24, 49, 40, 65, 89, 52, 92, 5, 2, 26, 97, 75, 60, 11, 80]",2361.4360627034603
300,100,0.1,0.3,0.3,0.3,0,"[30, 78, 93, 18, 1, 7, 80, 20, 98, 61, 86, 44, 94, 99, 42, 64, 63, 53, 4, 54, 58, 56, 50, 81, 25, 8, 36, 5, 12, 82, 47, 6, 31, 35, 72, 69, 3, 0, 97, 46, 68, 77, 51, 88, 9, 17, 29, 67, 90, 22, 21, 19, 2, 38, 66, 70, 85, 14, 34, 87, 59, 32, 24, 95, 62, 10, 41, 60, 45, 76, 39, 11, 57, 71, 83, 96, 65, 27, 26, 28, 33, 84, 73, 55, 89, 79, 92, 74, 40, 52, 37, 75, 91, 13, 48, 16, 49, 15, 43, 23]",2358.4260673873964
500,30,0.05,0.1,0.2,0.2,0,"[84, 91, 35, 36, 58, 52, 93, 15, 1, 34, 62, 82, 33, 53, 60, 64, 98, 4, 94, 18, 79, 70, 85, 14, 46, 89, 55, 37, 30, 88, 54, 21, 77, 29, 7, 28, 61, 71, 27, 8, 96, 5, 66, 42, 68, 48, 45, 72, 20, 81, 59, 57, 75, 25, 83, 2, 49, 78, 39, 86, 12, 63, 16, 41, 6, 23, 43, 17, 73, 0, 44, 9, 24, 10, 38, 26, 87, 90, 47, 22, 80, 56, 99, 74, 3, 19, 76, 65, 51, 32, 97, 40, 13, 95, 50, 67, 31, 11, 92, 69]",2490.9194592601752
500,30,0.05,0.1,0.2,0.2,1,"[49, 50, 30, 58, 15, 98, 29, 34, 93, 99, 9, 45, 20, 53, 82, 14, 65, 76, 0, 60, 8, 90, 95, 52, 59, 71, 37, 4, 41, 10, 54, 2, 88, 92, 55, 44, 36, 27, 96, 40, 38, 89, 78, 74, 51, 23, 39, 64, 28, 57, 25, 87, 46, 33, 43, 61, 72, 26, 7, 91, 80, 70, 13, 6, 22, 12, 47, 5, 1, 31, 73, 16, 86, 84, 67, 81, 18, 68, 35, 94, 77, 17, 85, 75, 83, 62, 11, 32, 42, 63, 79, 21, 66, 97, 19, 56, 3, 48, 24, 69]",2438.2125113395546
500,30,0.05,0.1,0.3,0.3,0,"[8, 67, 6, 14, 10, 81, 0, 52, 12, 7, 46, 18, 48, 77, 65, 27, 5, 69, 68, 33, 85, 9, 21, 44, 92, 96, 56, 28, 98, 71, 95, 37, 97, 41, 2, 42, 1, 86, 89, 78, 23, 99, 75, 84, 80, 19, 15, 45, 38, 74, 51, 73, 64, 31, 93, 35, 90, 53, 32, 66, 60, 25, 30, 24, 58, 40, 88, 22, 16, 61, 13, 57, 83, 47, 29, 82, 55, 91, 59, 43, 94, 4, 17, 11, 63, 26, 62, 79, 3, 36, 70, 54, 34, 20, 72, 39, 87, 76, 49, 50]",2408.9047012970645
500,30,0.05,0.1,0.3,0.3,1,"[73, 52, 58, 33, 51, 30, 72, 31, 11, 65, 67, 46, 96, 43, 66, 63, 37, 78, 90, 57, 60, 50, 55, 1, 4, 75, 15, 29, 34, 69, 47, 26, 17, 81, 23, 39, 62, 95, 10, 97, 24, 80, 83, 94, 84, 3, 88, 36, 85, 76, 49, 82, 56, 32, 21, 42, 28, 9, 98, 70, 53, 0, 2, 14, 18, 89, 5, 19, 45, 20, 8, 38, 79, 74, 59, 7, 12, 27, 25, 99, 93, 13, 77, 86, 92, 22, 64, 87, 16, 54, 40, 35, 68, 6, 91, 48, 61, 44, 71, 41]",2395.2284297683645
500,30,0.05,0.3,0.2,0.2,0,"[73, 84, 70, 15, 69, 60, 68, 66, 93, 23, 78, 2, 5, 18, 56, 71, 13, 62, 24, 64, 76, 43, 90, 88, 75, 74, 10, 86, 3, 36, 54, 41, 87, 25, 21, 40, 1, 37, 96, 29, 52, 51, 32, 14, 8, 72, 7, 63, 27, 58, 61, 42, 80, 38, 12, 0, 55, 16, 47, 33, 59, 89, 53, 65, 50, 30, 35, 49, 85, 81, 82, 77, 11, 48, 83, 6, 22, 95, 92, 91, 99, 17, 31, 26, 79, 97, 4, 45, 9, 34, 44, 39, 67, 46, 94, 20, 19, 57, 98, 28]",2339.093983657902
500,30,0.05,0.3,0.2,0.2,1,"[14, 31, 58, 8, 45, 29, 0, 9, 84, 66, 2, 79, 64, 80, 76, 3, 67, 63, 77, 10, 56, 46, 13, 69, 68, 24, 91, 36, 49, 41, 94, 55, 16, 32, 30, 47, 27, 15, 40, 78, 95, 81, 87, 21, 93, 90, 11, 82, 96, 17, 50, 5, 12, 51, 98, 62, 35, 53, 97, 89, 33, 72, 65, 57, 60, 1, 61, 22, 92, 39, 23, 74, 48, 20, 52, 6, 38, 54, 70, 7, 28, 19, 26, 4, 25, 59, 44, 73, 37, 18, 42, 75, 71, 99, 86, 43, 83, 85, 88, 34]",2459.3446545045417
500,30,0.05,0.3,0.3,0.3,0,"[35, 76, 87, 10, 12, 71, 15, 74, 67, 77, 19, 61, 81, 54, 21, 66, 0, 79, 3, 17, 60, 59, 64, 18, 26, 41, 42, 73, 5, 51, 1, 68, 83, 47, 94, 38, 88, 40, 24, 89, 48, 37, 39, 22, 92, 36, 56, 84, 25, 96, 27, 58, 99, 23, 8, 34, 52, 98, 13, 70, 44, 69, 29, 72, 16, 28, 95, 49, 86, 7, 50, 43, 53, 33, 2, 31, 78, 30, 20, 57, 55, 6, 45, 85, 4, 46, 75, 80, 65, 82, 62, 9, 11, 14, 93, 97, 63, 32, 91, 90]",2404.4762629345387
500,30,0.05,0.3,0.3,0.3,1,"[11, 1, 23, 84, 46, 47, 65, 57, 52, 50, 40, 20, 67, 69, 25, 60, 81, 61, 41, 89, 77, 72, 55, 63, 35, 44, 6, 21, 30, 9, 14, 15, 70, 79, 88, 33, 0, 83, 71, 74, 91, 56, 96, 62, 43, 39, 45, 75, 76, 13, 27, 12, 90, 49, 19, 17, 94, 4, 34, 22, 42, 85, 3, 86, 58, 54, 8, 93, 95, 7, 38, 64, 28, 29, 53, 24, 66, 18, 32, 97, 80, 48, 87, 10, 59, 37, 82, 73, 92, 98, 31, 26, 78, 51, 68, 2, 5, 36, 16, 99]",2463.4833501570643
500,30,0.1,0.1,0.2,0.2,0,"[35, 47, 78, 84, 88, 38, 48, 1, 44, 33, 51, 56, 31, 4, 91, 43, 21, 74, 0, 63, 73, 58, 75, 26, 16, 53, 22, 17, 60, 62, 98, 80, 20, 68, 61, 69, 65, 55, 49, 82, 77, 5, 99, 83, 13, 24, 42, 66, 37, 92, 72, 7, 71, 70, 15, 95, 30, 6, 87, 45, 11, 81, 76, 34, 3, 86, 90, 79, 8, 25, 67, 39, 19, 64, 36, 59, 27, 97, 54, 23, 89, 12, 96, 28, 14, 40, 50, 32, 18, 94, 10, 52, 2, 9, 93, 85, 29, 57, 46, 41]",2325.2102543893698
500,30,0.1,0.1,0.2,0.2,1,"[58, 10, 48, 36, 63, 9, 78, 8, 42, 1, 80, 57, 4, 21, 98, 39, 96, 32, 81, 47, 50, 59, 66, 51, 60, 31, 15, 53, 85, 82, 92, 43, 24, 12, 28, 19, 34, 44, 6, 20, 11, 37, 64, 94, 45, 79, 17, 52, 49, 65, 55, 22, 29, 18, 33, 71, 89, 91, 16, 86, 75, 35, 26, 40, 13, 70, 25, 41, 2, 0, 14, 3, 23, 69, 73, 68, 99, 38, 97, 46, 56, 67, 83, 7, 61, 87, 74, 77, 72, 30, 95, 27, 90, 62, 54, 5, 88, 93, 76, 84]",2398.2053276401466
500,30,0.1,0.1,0.3,0.3,0,"[46, 44, 82, 11, 98, 80, 55, 50, 35, 86, 53, 24, 32, 12, 65, 8, 6, 84, 56, 89, 15, 41, 66, 62, 22, 19, 16, 81, 71, 61, 73, 87, 97, 79, 68, 60, 17, 13, 31, 92, 52, 63, 96, 90, 70, 36, 54, 72, 43, 42, 78, 39, 25, 88, 1, 20, 91, 33, 3, 75, 28, 30, 29, 18, 76, 48, 0, 23, 67, 85, 27, 45, 38, 5, 93, 83, 14, 2, 77, 9, 69, 95, 26, 58, 7, 21, 10, 94, 51, 57, 4, 47, 59, 64, 74, 49, 40, 37, 34, 99]",2413.9156868143054
500,30,0.1,0.1,0.3,0.3,1,"[62, 51, 8, 54, 78, 66, 30, 4, 75, 0, 26, 63, 94, 2, 68, 35, 45, 27, 93, 65, 97, 44, 99, 40, 5, 1, 92, 74, 83, 71, 85, 89, 29, 90, 42, 53, 3, 6, 24, 7, 58, 49, 32, 18, 23, 28, 88, 11, 72, 37, 17, 22, 81, 70, 80, 14, 16, 98, 91, 20, 9, 76, 61, 15, 77, 87, 55, 56, 19, 48, 34, 82, 46, 12, 47, 39, 25, 21, 69, 57, 36, 10, 64, 41, 52, 60, 38, 67, 50, 73, 86, 33, 31, 95, 43, 13, 59, 96, 84, 79]",2450.371214007425
500,30,0.1,0.3,0.2,0.2,0,"[97, 94, 3, 81, 57, 52, 40, 37, 4, 26, 6, 86, 78, 88, 11, 24, 27, 93, 73, 8, 44, 77, 75, 46, 43, 9, 49, 71, 17, 12, 58, 66, 87, 7, 18, 23, 50, 51, 99, 53, 72, 79, 25, 48, 91, 19, 10, 31, 85, 68, 83, 59, 54, 56, 39, 62, 41, 69, 84, 20, 65, 32, 28, 33, 92, 89, 22, 96, 64, 55, 1, 42, 2, 14, 0, 98, 76, 34, 74, 16, 21, 47, 67, 95, 5, 70, 30, 45, 90, 63, 60, 80, 15, 29, 38, 35, 61, 82, 13, 36]",2348.398526559476
500,30,0.1,0.3,0.2,0.2,1,"[87, 75, 76, 15, 37, 99, 57, 52, 4, 97, 12, 91, 42, 63, 14, 1, 93, 50, 5, 24, 23, 66, 38, 65, 20, 82, 49, 69, 44, 94, 36, 17, 74, 47, 40, 51, 90, 85, 83, 27, 18, 84, 59, 0, 10, 46, 96, 8, 95, 77, 6, 45, 31, 7, 67, 81, 25, 56, 43, 13, 62, 73, 92, 39, 32, 89, 28, 41, 9, 16, 72, 34, 11, 78, 54, 22, 53, 21, 70, 2, 19, 98, 60, 58, 64, 33, 79, 48, 26, 88, 61, 3, 55, 80, 30, 71, 29, 86, 35, 68]",2326.620014739081
500,30,0.1,0.3,0.3,0.3,0,"[67, 23, 27, 42, 53, 95, 75, 29, 34, 93, 71, 74, 62, 46, 76, 60, 15, 35, 12, 40, 64, 78, 26, 32, 31, 73, 84, 4, 94, 1, 65, 37, 79, 43, 63, 21, 17, 5, 48, 16, 99, 52, 18, 2, 80, 33, 86, 36, 41, 87, 69, 82, 68, 90, 22, 96, 10, 88, 13, 77, 54, 61, 89, 9, 11, 72, 59, 58, 57, 83, 56, 91, 55, 7, 51, 85, 25, 47, 24, 70, 14, 97, 28, 38, 92, 0, 3, 45, 50, 81, 20, 66, 30, 6, 98, 49, 44, 19, 39, 8]",2460.706294056335
500,30,0.1,0.3,0.3,0.3,1,"[86, 20, 57, 5, 42, 73, 40, 74, 56, 82, 2, 12, 85, 84, 0, 65, 38, 28, 15, 89, 6, 45, 52, 70, 4, 60, 94, 63, 93, 64, 24, 91, 36, 41, 9, 71, 34, 88, 59, 67, 72, 96, 55, 3, 22, 31, 62, 51, 21, 29, 90, 87, 81, 58, 54, 14, 78, 80, 48, 19, 47, 37, 97, 83, 27, 33, 8, 50, 43, 69, 39, 23, 98, 11, 77, 17, 7, 79, 53, 26, 30, 16, 1, 68, 66, 32, 18, 76, 75, 92, 25, 95, 99, 44, 10, 49, 46, 35, 61, 13]",2412.9596759066458
500,50,0.05,0.1,0.2,0.2,0,"[70, 90, 99, 62, 14, 12, 43, 7, 51, 74, 59, 57, 77, 89, 54, 39, 13, 15, 60, 98, 50, 20, 18, 38, 94, 81, 31, 84, 4, 30, 8, 47, 34, 49, 24, 25, 32, 26, 45, 1, 72, 86, 58, 17, 96, 40, 68, 78, 52, 48, 75, 0, 71, 65, 36, 3, 22, 6, 11, 23, 93, 87, 42, 56, 79, 46, 97, 5, 21, 64, 92, 44, 53, 88, 73, 28, 82, 19, 10, 35, 80, 76, 69, 95, 83, 66, 37, 91, 85, 16, 27, 55, 61, 9, 33, 41, 67, 63, 29, 2]",2474.463091158494
500,50,0.05,0.1,0.2,0.2,1,"[11, 24, 75, 71, 53, 68, 54, 25, 81, 89, 61, 65, 8, 4, 19, 93, 30, 87, 41, 63, 43, 80, 62, 46, 66, 42, 73, 98, 60, 14, 7, 10, 78, 91, 69, 48, 58, 27, 0, 15, 77, 39, 99, 49, 79, 86, 64, 84, 16, 23, 3, 74, 72, 38, 85, 76, 97, 40, 21, 92, 26, 28, 88, 96, 22, 29, 56, 37, 31, 95, 35, 1, 82, 50, 2, 51, 17, 32, 13, 52, 9, 59, 44, 83, 70, 55, 67, 18, 5, 12, 6, 57, 34, 94, 90, 20, 36, 47, 33, 45]",2445.295929349454
500,50,0.05,0.1,0.3,0.3,0,"[82, 47, 40, 62, 20, 52, 88, 65, 73, 71, 5, 27, 3, 1, 77, 42, 64, 81, 15, 79, 55, 94, 46, 39, 17, 59, 76, 91, 58, 83, 50, 38, 34, 2, 33, 51, 78, 48, 35, 72, 86, 67, 13, 66, 18, 24, 60, 16, 96, 28, 0, 29, 10, 9, 19, 8, 53, 57, 56, 99, 68, 49, 25, 93, 11, 37, 36, 92, 22, 74, 89, 69, 90, 4, 45, 31, 14, 6, 80, 26, 61, 43, 7, 84, 44, 63, 54, 97, 41, 85, 87, 98, 23, 21, 70, 12, 95, 30, 32, 75]",2577.5512705508886
500,50,0.05,0.1,0.3,0.3,1,"[30, 47, 24, 55, 32, 92, 83, 54, 72, 40, 22, 20, 44, 19, 10, 80, 91, 64, 21, 95, 2, 6, 82, 13, 88, 28, 26, 33, 57, 75, 51, 29, 18, 68, 81, 31, 76, 41, 67, 9, 98, 39, 78, 37, 0, 87, 93, 89, 77, 25, 8, 49, 35, 73, 59, 90, 65, 3, 84, 23, 34, 36, 1, 50, 42, 66, 12, 52, 61, 74, 38, 11, 71, 4, 94, 56, 96, 17, 79, 53, 86, 48, 60, 97, 58, 14, 15, 46, 63, 62, 99, 69, 45, 5, 43, 27, 7, 16, 85, 70]",2465.458649357416
500,50,0.05,0.3,0.2,0.2,0,"[32, 7, 39, 11, 74, 3, 26, 48, 87, 88, 85, 77, 14, 63, 55, 83, 76, 73, 62, 5, 80, 17, 41, 78, 68, 23, 24, 94, 38, 60, 40, 56, 82, 67, 31, 86, 13, 99, 66, 64, 71, 20, 95, 33, 90, 1, 52, 96, 43, 72, 2, 30, 35, 79, 0, 84, 97, 58, 12, 22, 18, 59, 42, 44, 50, 34, 57, 47, 93, 53, 16, 29, 37, 91, 45, 70, 10, 89, 61, 51, 6, 8, 49, 92, 25, 75, 19, 28, 9, 27, 81, 46, 69, 98, 36, 21, 65, 54, 15, 4]",2360.5200130661165
500,50,0.05,0.3,0.2,0.2,1,"[56, 92, 3, 70, 52, 17, 41, 54, 58, 24, 77, 27, 19, 66, 35, 31, 49, 38, 0, 83, 61, 23, 1, 96, 53, 68, 55, 4, 79, 50, 9, 34, 89, 16, 25, 48, 90, 91, 46, 51, 99, 62, 85, 33, 98, 30, 73, 20, 47, 40, 67, 94, 12, 7, 65, 88, 95, 39, 11, 5, 32, 60, 80, 8, 15, 63, 13, 84, 75, 97, 21, 26, 74, 44, 71, 64, 37, 29, 18, 6, 78, 10, 22, 81, 42, 93, 43, 36, 45, 2, 82, 57, 28, 69, 76, 87, 59, 86, 14, 72]",2387.250490300807
500,50,0.05,0.3,0.3,0.3,0,"[14, 54, 60, 78, 82, 73, 93, 2, 80, 8, 58, 37, 47, 86, 72, 74, 84, 68, 59, 66, 40, 90, 42, 56, 44, 6, 3, 89, 79, 13, 19, 12, 20, 26, 63, 17, 45, 34, 62, 87, 30, 85, 5, 25, 83, 36, 22, 88, 91, 32, 95, 97, 69, 11, 67, 41, 99, 16, 9, 49, 18, 65, 48, 94, 52, 4, 75, 21, 43, 81, 1, 39, 57, 10, 0, 64, 55, 46, 61, 35, 70, 38, 77, 53, 31, 24, 33, 51, 15, 76, 98, 96, 7, 28, 71, 50, 29, 92, 27, 23]",2444.362330907999
500,50,0.05,0.3,0.3,0.3,1,"[99, 83, 84, 12, 86, 81, 66, 20, 73, 48, 13, 3, 76, 77, 58, 54, 4, 87, 68, 28, 82, 31, 30, 1, 27, 22, 57, 23, 69, 51, 40, 97, 93, 10, 55, 62, 29, 80, 18, 37, 90, 52, 26, 19, 32, 61, 24, 14, 7, 92, 67, 38, 8, 47, 53, 15, 94, 50, 0, 88, 70, 45, 89, 60, 74, 71, 59, 75, 95, 35, 65, 96, 16, 44, 49, 64, 17, 98, 63, 79, 21, 2, 56, 36, 25, 39, 11, 34, 46, 5, 42, 9, 41, 91, 43, 78, 85, 6, 72, 33]",2367.716721874406
500,50,0.1,0.1,0.2,0.2,0,"[51, 91, 32, 89, 65, 3, 29, 88, 99, 63, 81, 50, 61, 77, 72, 58, 13, 39, 98, 69, 75, 43, 84, 60, 11, 5, 44, 62, 20, 52, 82, 27, 74, 83, 40, 45, 21, 37, 70, 94, 66, 31, 35, 59, 16, 92, 33, 42, 96, 18, 97, 87, 30, 48, 64, 85, 47, 49, 10, 17, 38, 86, 54, 1, 53, 78, 93, 79, 7, 6, 90, 9, 34, 19, 26, 55, 12, 80, 41, 36, 76, 57, 8, 14, 24, 95, 4, 68, 2, 23, 46, 56, 0, 71, 67, 22, 15, 73, 28, 25]",2547.0679339681265
500,50,0.1,0.1,0.2,0.2,1,"[1, 11, 55, 29, 7, 74, 84, 23, 77, 88, 63, 78, 27, 14, 82, 41, 48, 98, 30, 85, 87, 25, 13, 26, 69, 31, 73, 0, 53, 95, 40, 10, 68, 42, 39, 72, 52, 99, 81, 35, 21, 12, 46, 9, 24, 64, 3, 6, 60, 5, 65, 19, 86, 70, 33, 16, 76, 22, 59, 57, 43, 62, 49, 34, 8, 28, 50, 96, 4, 36, 66, 67, 54, 17, 97, 51, 38, 79, 58, 89, 18, 83, 47, 2, 45, 90, 93, 61, 75, 44, 32, 37, 15, 91, 20, 56, 71, 92, 80, 94]",2401.431431530007
500,50,0.1,0.1,0.3,0.3,0,"[15, 60, 69, 35, 9, 50, 47, 66, 13, 84, 53, 61, 75, 3, 67, 23, 12, 22, 39, 43, 6, 94, 56, 51, 74, 63, 8, 33, 45, 82, 42, 0, 37, 62, 20, 38, 19, 89, 41, 97, 52, 71, 90, 95, 7, 64, 24, 49, 76, 86, 58, 29, 28, 73, 78, 21, 26, 14, 25, 54, 5, 10, 92, 96, 17, 68, 72, 65, 27, 80, 46, 77, 57, 85, 83, 99, 34, 79, 91, 48, 70, 88, 18, 31, 81, 32, 2, 1, 87, 30, 59, 36, 98, 55, 44, 93, 16, 11, 4, 40]",2418.610458765452
500,50,0.1,0.1,0.3,0.3,1,"[47, 14, 60, 1, 0, 88, 44, 36, 21, 65, 72, 94, 32, 3, 19, 35, 62, 43, 71, 28, 75, 81, 87, 80, 58, 59, 7, 46, 52, 40, 42, 17, 31, 64, 93, 73, 57, 25, 54, 83, 16, 90, 27, 11, 26, 22, 23, 69, 86, 79, 37, 18, 66, 24, 13, 6, 30, 76, 70, 98, 85, 39, 78, 74, 15, 89, 91, 8, 20, 38, 61, 5, 53, 77, 12, 67, 41, 29, 68, 9, 51, 10, 63, 4, 33, 48, 95, 45, 34, 99, 55, 50, 49, 96, 56, 84, 2, 92, 82, 97]",2420.3273554793714
500,50,0.1,0.3,0.2,0.2,0,"[82, 22, 70, 86, 98, 61, 18, 58, 63, 49, 40, 24, 44, 7, 1, 4, 50, 28, 94, 76, 30, 46, 9, 34, 65, 20, 19, 3, 5, 93, 75, 15, 77, 13, 48, 53, 21, 14, 11, 32, 25, 26, 51, 23, 17, 68, 57, 74, 0, 80, 95, 29, 67, 79, 90, 59, 16, 52, 12, 37, 85, 56, 38, 73, 6, 88, 35, 66, 41, 36, 60, 43, 71, 92, 33, 99, 45, 64, 42, 62, 31, 81, 78, 2, 54, 27, 91, 83, 55, 89, 84, 8, 10, 72, 47, 39, 87, 97, 96, 69]",2386.9610749461253
500,50,0.1,0.3,0.2,0.2,1,"[45, 72, 16, 22, 92, 96, 52, 44, 55, 86, 51, 39, 14, 1, 67, 47, 34, 33, 85, 42, 19, 58, 71, 90, 31, 7, 73, 15, 88, 21, 57, 36, 97, 66, 94, 81, 17, 25, 82, 93, 26, 29, 49, 76, 23, 24, 8, 4, 0, 74, 35, 2, 27, 30, 78, 11, 28, 10, 70, 60, 50, 41, 56, 84, 62, 99, 95, 77, 91, 83, 38, 98, 3, 75, 13, 64, 89, 43, 54, 79, 18, 6, 61, 80, 5, 48, 87, 59, 37, 20, 63, 53, 12, 32, 65, 9, 69, 46, 68, 40]",2273.538842128587
500,50,0.1,0.3,0.3,0.3,0,"[16, 13, 57, 62, 50, 46, 93, 7, 65, 74, 89, 2, 51, 98, 81, 56, 82, 8, 35, 63, 25, 60, 15, 23, 52, 54, 92, 22, 29, 67, 61, 72, 48, 26, 77, 87, 10, 34, 3, 28, 86, 69, 40, 45, 79, 83, 39, 30, 97, 73, 41, 27, 70, 80, 75, 42, 20, 85, 1, 49, 5, 24, 71, 90, 59, 21, 53, 64, 32, 19, 66, 11, 76, 55, 6, 88, 95, 4, 43, 17, 68, 12, 38, 78, 14, 36, 44, 0, 47, 96, 58, 94, 31, 84, 33, 91, 99, 9, 37, 18]",2299.4299200742653
500,50,0.1,0.3,0.3,0.3,1,"[93, 73, 17, 16, 99, 25, 57, 49, 89, 23, 82, 51, 39, 85, 32, 60, 52, 9, 90, 54, 46, 0, 58, 66, 20, 30, 37, 11, 87, 55, 88, 78, 61, 5, 2, 13, 81, 74, 70, 15, 71, 91, 8, 14, 48, 45, 38, 83, 80, 69, 84, 77, 21, 59, 26, 56, 34, 22, 7, 65, 72, 6, 95, 63, 92, 44, 4, 3, 47, 53, 19, 28, 41, 68, 40, 12, 42, 96, 64, 31, 98, 50, 94, 1, 18, 75, 62, 67, 29, 35, 97, 27, 33, 86, 76, 36, 10, 79, 43, 24]",2370.4980424042797
500,100,0.05,0.1,0.2,0.2,0,"[45, 33, 62, 16, 42, 11, 41, 57, 27, 87, 95, 22, 78, 92, 71, 56, 38, 6, 66, 23, 60, 18, 59, 40, 77, 61, 93, 76, 14, 72, 67, 65, 35, 46, 68, 29, 9, 39, 90, 37, 98, 36, 99, 53, 54, 4, 63, 49, 15, 44, 64, 19, 3, 75, 97, 55, 0, 96, 69, 34, 2, 1, 80, 43, 86, 7, 85, 24, 48, 20, 28, 13, 83, 82, 17, 21, 8, 31, 84, 74, 5, 89, 26, 10, 94, 79, 58, 50, 81, 52, 91, 25, 32, 47, 70, 12, 51, 30, 73, 88]",2391.5378787446834
500,100,0.05,0.1,0.2,0.2,1,"[41, 76, 13, 47, 65, 2, 32, 83, 56, 18, 98, 3, 90, 39, 63, 89, 30, 20, 78, 19, 49, 36, 16, 85, 60, 6, 55, 97, 0, 64, 75, 99, 57, 40, 4, 10, 15, 80, 34, 73, 68, 69, 51, 8, 25, 91, 31, 58, 54, 87, 33, 81, 93, 72, 5, 38, 14, 48, 70, 42, 82, 26, 66, 53, 96, 94, 35, 79, 46, 61, 27, 52, 86, 7, 62, 77, 88, 50, 29, 21, 45, 95, 17, 1, 28, 22, 74, 43, 11, 12, 37, 24, 9, 44, 59, 84, 67, 71, 92, 23]",2382.1177025410584
500,100,0.05,0.1,0.3,0.3,0,"[66, 71, 6, 17, 7, 9, 29, 43, 70, 85, 8, 87, 38, 88, 34, 75, 15, 92, 91, 63, 53, 40, 27, 50, 80, 33, 25, 60, 93, 24, 14, 68, 67, 69, 39, 44, 46, 4, 90, 57, 23, 89, 62, 18, 98, 54, 37, 65, 16, 20, 35, 99, 61, 11, 77, 0, 96, 19, 22, 26, 32, 12, 81, 5, 97, 73, 55, 79, 86, 28, 2, 3, 84, 48, 95, 76, 42, 13, 94, 41, 30, 51, 83, 58, 78, 21, 52, 74, 31, 45, 56, 82, 36, 47, 10, 1, 72, 59, 49, 64]",2465.1687602326483
500,100,0.05,0.1,0.3,0.3,1,"[45, 67, 17, 96, 4, 39, 90, 8, 76, 31, 49, 95, 38, 61, 23, 18, 59, 71, 25, 88, 6, 72, 27, 86, 63, 32, 92, 98, 48, 54, 11, 13, 81, 55, 44, 20, 66, 37, 36, 53, 74, 40, 10, 24, 9, 62, 65, 2, 41, 1, 5, 85, 33, 47, 34, 29, 21, 43, 68, 35, 26, 99, 42, 80, 30, 12, 46, 87, 73, 16, 51, 52, 56, 15, 50, 0, 83, 7, 22, 58, 79, 28, 69, 77, 78, 97, 94, 57, 84, 60, 3, 14, 91, 64, 19, 70, 93, 82, 89, 75]",2418.1125909011894
500,100,0.05,0.3,0.2,0.2,0,"[40, 97, 27, 86, 71, 80, 38, 62, 92, 52, 21, 10, 59, 72, 2, 60, 75, 50, 98, 39, 11, 20, 88, 91, 4, 7, 68, 70, 53, 58, 15, 57, 66, 54, 67, 61, 74, 56, 26, 3, 77, 36, 9, 37, 89, 64, 8, 5, 24, 76, 96, 22, 93, 34, 99, 0, 16, 51, 30, 28, 32, 19, 84, 47, 90, 43, 69, 94, 44, 41, 46, 14, 31, 73, 45, 12, 87, 6, 33, 48, 42, 13, 18, 82, 29, 55, 1, 63, 23, 78, 17, 49, 85, 83, 25, 95, 81, 79, 35, 65]",2511.390865097691
500,100,0.05,0.3,0.2,0.2,1,"[69, 14, 42, 89, 44, 81, 34, 9, 78, 48, 56, 50, 66, 3, 61, 73, 30, 62, 76, 43, 86, 72, 23, 49, 83, 82, 24, 39, 21, 90, 51, 27, 10, 2, 31, 53, 67, 33, 4, 60, 55, 22, 99, 95, 38, 36, 41, 74, 40, 97, 88, 80, 54, 96, 15, 58, 45, 85, 0, 70, 7, 19, 77, 20, 87, 75, 1, 26, 47, 18, 65, 71, 46, 37, 29, 8, 84, 57, 91, 93, 6, 5, 35, 79, 16, 11, 25, 32, 12, 59, 68, 28, 98, 52, 63, 13, 64, 94, 17, 92]",2383.7114408054335
500,100,0.05,0.3,0.3,0.3,0,"[14, 90, 84, 60, 71, 22, 73, 15, 69, 50, 99, 51, 67, 91, 32, 57, 77, 39, 13, 23, 89, 53, 70, 41, 46, 83, 81, 61, 80, 54, 52, 58, 4, 76, 3, 24, 88, 18, 2, 48, 29, 42, 9, 21, 6, 72, 64, 10, 96, 28, 68, 95, 44, 7, 27, 36, 25, 94, 30, 45, 34, 35, 82, 47, 40, 37, 55, 97, 59, 49, 92, 78, 66, 93, 12, 5, 0, 1, 26, 11, 31, 63, 38, 86, 33, 8, 79, 87, 98, 19, 17, 16, 74, 65, 43, 56, 62, 85, 20, 75]",2371.4800491777737
500,100,0.05,0.3,0.3,0.3,1,"[78, 47, 95, 16, 54, 56, 12, 51, 18, 90, 5, 84, 8, 30, 65, 29, 20, 17, 31, 14, 74, 92, 45, 37, 13, 73, 62, 86, 9, 28, 49, 98, 40, 19, 48, 6, 83, 89, 67, 25, 94, 1, 27, 75, 61, 7, 71, 60, 23, 0, 44, 97, 64, 99, 69, 87, 85, 11, 3, 26, 41, 81, 43, 53, 38, 42, 76, 70, 66, 15, 55, 32, 58, 22, 77, 57, 68, 93, 46, 79, 88, 39, 50, 96, 4, 63, 52, 35, 59, 10, 21, 33, 72, 34, 91, 2, 36, 80, 82, 24]",2471.0757763157408
500,100,0.1,0.1,0.2,0.2,0,"[73, 55, 91, 13, 72, 46, 85, 14, 57, 49, 29, 23, 2, 42, 21, 96, 9, 89, 98, 39, 74, 1, 44, 77, 34, 93, 90, 37, 51, 26, 78, 27, 86, 18, 56, 7, 69, 79, 40, 84, 53, 67, 20, 33, 6, 52, 66, 28, 31, 54, 75, 76, 50, 5, 88, 71, 97, 63, 0, 15, 19, 70, 60, 8, 80, 10, 58, 3, 59, 61, 68, 12, 24, 64, 4, 43, 25, 36, 65, 48, 99, 94, 62, 22, 11, 83, 41, 82, 95, 47, 16, 30, 87, 81, 92, 38, 32, 45, 17, 35]",2365.3991617467495
500,100,0.1,0.1,0.2,0.2,1,"[76, 43, 67, 16, 71, 78, 5, 13, 45, 3, 81, 95, 58, 50, 7, 19, 66, 56, 15, 61, 83, 92, 54, 90, 79, 39, 60, 31, 9, 68, 14, 82, 35, 52, 28, 41, 6, 40, 64, 86, 30, 62, 53, 26, 23, 24, 33, 85, 84, 49, 73, 91, 44, 94, 37, 22, 34, 4, 20, 69, 21, 38, 80, 25, 27, 93, 97, 46, 88, 74, 65, 8, 77, 0, 32, 98, 2, 10, 99, 57, 48, 70, 51, 29, 1, 55, 96, 89, 42, 87, 17, 47, 63, 12, 72, 18, 59, 36, 75, 11]",2409.7912701679984
500,100,0.1,0.1,0.3,0.3,0,"[79, 84, 81, 86, 50, 21, 31, 76, 19, 88, 51, 18, 56, 40, 34, 59, 32, 26, 67, 41, 63, 30, 73, 25, 68, 66, 27, 13, 9, 74, 6, 1, 8, 55, 37, 87, 52, 96, 29, 10, 65, 42, 58, 47, 48, 44, 92, 28, 83, 4, 57, 16, 69, 53, 71, 72, 70, 62, 43, 24, 0, 45, 82, 33, 49, 12, 97, 93, 85, 90, 77, 14, 3, 94, 61, 80, 2, 98, 20, 23, 7, 78, 36, 39, 60, 89, 11, 5, 15, 38, 46, 75, 17, 91, 22, 64, 35, 99, 95, 54]",2514.1674024892372
500,100,0.1,0.1,0.3,0.3,1,"[15, 34, 45, 88, 69, 72, 11, 26, 98, 16, 99, 3, 48, 62, 96, 64, 56, 68, 75, 7, 74, 76, 84, 85, 44, 46, 4, 13, 38, 90, 82, 18, 17, 77, 78, 57, 51, 22, 30, 60, 86, 20, 94, 33, 29, 63, 81, 27, 31, 91, 67, 1, 49, 89, 59, 8, 40, 14, 32, 79, 19, 47, 0, 24, 93, 71, 42, 80, 2, 6, 37, 25, 97, 66, 21, 43, 83, 39, 65, 41, 28, 70, 36, 54, 55, 10, 61, 50, 9, 23, 73, 87, 58, 95, 53, 12, 92, 52, 5, 35]",2439.5928290128913
500,100,0.1,0.3,0.2,0.2,0,"[1, 99, 82, 37, 12, 77, 10, 79, 57, 13, 3, 53, 34, 7, 46, 52, 5, 54, 71, 90, 64, 4, 97, 83, 48, 76, 45, 91, 70, 27, 61, 75, 35, 88, 62, 11, 42, 96, 36, 22, 40, 65, 92, 24, 20, 18, 78, 49, 85, 95, 26, 86, 17, 80, 72, 63, 47, 39, 28, 67, 87, 89, 21, 74, 16, 60, 66, 25, 51, 23, 9, 84, 31, 69, 32, 2, 0, 41, 30, 58, 73, 19, 98, 38, 8, 94, 55, 50, 15, 6, 14, 44, 29, 59, 81, 43, 93, 33, 56, 68]",2572.4681424504224
500,100,0.1,0.3,0.2,0.2,1,"[60, 99, 66, 88, 83, 86, 5, 30, 7, 56, 34, 48, 71, 75, 36, 59, 37, 24, 74, 79, 39, 25, 61, 22, 91, 38, 15, 27, 98, 55, 35, 21, 94, 18, 46, 33, 89, 87, 31, 28, 73, 51, 69, 77, 50, 14, 4, 42, 81, 68, 0, 44, 90, 97, 32, 16, 6, 3, 92, 13, 93, 49, 95, 23, 29, 11, 72, 45, 57, 67, 54, 82, 41, 17, 40, 96, 52, 26, 20, 19, 64, 1, 76, 84, 80, 62, 43, 58, 2, 9, 65, 8, 47, 63, 53, 78, 85, 70, 12, 10]",2357.7933092128765
500,100,0.1,0.3,0.3,0.3,0,"[94, 20, 61, 98, 51, 69, 45, 88, 14, 54, 97, 77, 27, 68, 90, 75, 55, 48, 89, 1, 18, 15, 58, 80, 72, 6, 11, 91, 76, 4, 33, 99, 71, 81, 49, 21, 25, 87, 16, 28, 31, 83, 17, 85, 34, 92, 22, 62, 8, 47, 95, 50, 52, 3, 79, 74, 7, 65, 13, 23, 84, 67, 32, 29, 56, 96, 10, 46, 5, 66, 73, 78, 93, 57, 43, 19, 59, 64, 86, 53, 82, 39, 9, 60, 24, 37, 42, 35, 41, 26, 38, 12, 70, 0, 40, 36, 63, 30, 2, 44]",2292.6576020753773
500,100,0.1,0.3,0.3,0.3,1,"[53, 11, 80, 69, 57, 99, 82, 37, 13, 51, 21, 60, 86, 32, 2, 61, 39, 79, 15, 93, 22, 74, 72, 33, 31, 83, 96, 4, 97, 44, 94, 98, 68, 3, 90, 77, 76, 92, 49, 30, 87, 29, 41, 42, 56, 45, 38, 58, 55, 10, 7, 48, 59, 54, 20, 6, 9, 62, 18, 64, 89, 84, 43, 78, 17, 5, 70, 34, 24, 88, 19, 47, 1, 36, 71, 52, 14, 12, 8, 81, 73, 35, 46, 66, 25, 16, 28, 40, 63, 67, 23, 26, 65, 75, 95, 91, 50, 27, 85, 0]",2582.796785833576
